[{"_allAttributes":null,"_properties":null,"_methods":null,"file":"/Users/ramshi/Downloads/build-apps-with-lwc-master/force-app/main/default/lwc/bearList/bearList.js","metadata":{"decorators":[{"type":"wire","targets":[{"name":"messageContext","adapter":{"name":"MessageContext","reference":"lightning/messageService"},"type":"property"}]}],"declarationLoc":{"start":{"line":7,"column":0},"end":{"line":34,"column":1}},"classMembers":[{"type":"property","name":"bears","loc":{"start":{"line":8,"column":1},"end":{"line":8,"column":7}}},{"type":"property","name":"selectedBear","loc":{"start":{"line":9,"column":4},"end":{"line":9,"column":17}}},{"type":"property","name":"messageContext","loc":{"start":{"line":10,"column":4},"end":{"line":10,"column":41}},"decorator":"wire"},{"type":"method","name":"connectedCallback","loc":{"start":{"line":11,"column":4},"end":{"line":13,"column":2}}},{"type":"method","name":"loadBears","loc":{"start":{"line":14,"column":1},"end":{"line":22,"column":2}}},{"type":"property","name":"appResources","loc":{"start":{"line":24,"column":1},"end":{"line":26,"column":3}}},{"type":"method","name":"handleBearView","loc":{"start":{"line":28,"column":4},"end":{"line":33,"column":1}}}],"exports":[{"type":"ExportDefaultDeclaration"}]},"updatedAt":"2022-11-30T09:44:48.834Z"},{"_allAttributes":null,"_properties":null,"_methods":null,"file":"/Users/ramshi/Downloads/build-apps-with-lwc-master/force-app/main/default/lwc/bearMap/bearMap.js","metadata":{"decorators":[{"type":"wire","targets":[{"name":"messageContext","adapter":{"name":"MessageContext","reference":"lightning/messageService"},"type":"property"}]}],"declarationLoc":{"start":{"line":4,"column":0},"end":{"line":33,"column":1}},"classMembers":[{"type":"property","name":"mapMarkers","loc":{"start":{"line":5,"column":2},"end":{"line":5,"column":16}}},{"type":"property","name":"subscription","loc":{"start":{"line":6,"column":2},"end":{"line":6,"column":22}}},{"type":"property","name":"messageContext","loc":{"start":{"line":7,"column":2},"end":{"line":8,"column":17}},"decorator":"wire"},{"type":"method","name":"connectedCallback","loc":{"start":{"line":9,"column":2},"end":{"line":17,"column":3}}},{"type":"method","name":"disconnectedCallback","loc":{"start":{"line":18,"column":2},"end":{"line":22,"column":3}}},{"type":"method","name":"handleBearListUpdate","loc":{"start":{"line":23,"column":2},"end":{"line":32,"column":3}}}],"exports":[{"type":"ExportDefaultDeclaration"}]},"updatedAt":"2022-11-30T09:43:26.313Z"},{"_allAttributes":null,"_properties":null,"_methods":null,"file":"/Users/ramshi/Downloads/build-apps-with-lwc-master/force-app/main/default/lwc/bearTile/bearTile.js","metadata":{"decorators":[{"type":"api","targets":[{"type":"property","name":"bear","value":{"type":"unresolved"}}]},{"type":"wire","targets":[{"name":"messageContext","adapter":{"name":"MessageContext","reference":"lightning/messageService"},"type":"property"}]}],"declarationLoc":{"start":{"line":5,"column":0},"end":{"line":21,"column":1}},"classMembers":[{"type":"property","name":"bear","loc":{"start":{"line":6,"column":1},"end":{"line":6,"column":11}},"decorator":"api","value":{"type":"unresolved"}},{"type":"property","name":"messageContext","loc":{"start":{"line":7,"column":4},"end":{"line":7,"column":41}},"decorator":"wire"},{"type":"property","name":"appResources","loc":{"start":{"line":8,"column":1},"end":{"line":10,"column":3}}},{"type":"method","name":"handleOpenRecordClick","loc":{"start":{"line":11,"column":4},"end":{"line":20,"column":5}}}],"exports":[{"type":"ExportDefaultDeclaration"}]},"updatedAt":"2022-11-30T09:30:26.839Z"}]